{
"lengthUnit": "mil",
"components": {
	"fields": ["COMPONENT_NO", "COMPONENT_NAME", "LAYER", "X_COORDINATE", "Y_COORDINATE", "ANGLE"],
	"rows": [
		[1, "D0", "T", -354.33, 0, 270],
		[2, "D1", "T", -118.11, 0, 270],
		[3, "D2", "T", -1181.1, 0, 270],
		[4, "D3", "T", 0, 1181.1, 180],
		[5, "D4", "T", 944.88, 0, 90],
		[6, "D5", "T", 0, -944.88, 0],
		[7, "D6", "T", -944.88, 0, 270],
		[8, "D7", "T", 0, 944.88, 180],
		[9, "D8", "T", 1181.1, 0, 90],
		[10, "D9", "T", 0, -1181.1, 0],
		[11, "P1", "T", 0, 433.07, 180],
		[12, "P2", "T", 0, -433.07, 180],
		[13, "R1", "T", 354.33, 20, 270],
		[14, "R2", "T", -511.81, 20, 270],
		[15, "R3", "T", 15, 590.55, 180],
		[16, "R4", "T", 511.81, -20, 90],
		[17, "R5", "T", -20, -590.55, 0],
		[18, "U1", "T", 196.22, 5, 0],
		[19, "U2", "T", -629.92, 5, 0],
		[20, "U3", "T", 5, 708.66, 270],
		[21, "U4", "T", 629.92, -5, 180],
		[22, "U5", "T", -5, -708.66, 90]
	]
},
"pins": {
	"fields": ["PIN_NO", "PIN_NAME", "PIN_X", "PIN_Y", "LAYER", "PIN_TYPE", "NET_NAME", "NET_TYPE", "PAD_SHAPE", "PAD_SIZEX", "PAD_SIZEY", "HOLE_SIZE", "PAD_ANGLE"],
	"rows": [
		[1, "D0_1", -354.33, 29.53, "T", "SMD", "VCOM", "", "R", 31.5, 31.5, 0, 0],
		[2, "D0_2", -354.33, -29.53, "T", "SMD", "$1N1460", "", "R", 31.5, 31.5, 0, 0],
		[3, "D1_1", -118.11, 29.53, "T", "SMD", "VCOM", "", "R", 31.5, 31.5, 0, 0],
		[4, "D1_2", -118.11, -29.53, "T", "SMD", "$1N1460", "", "R", 31.5, 31.5, 0, 0],
		[5, "D2_1", -1181.1, 29.53, "T", "SMD", "VCOM", "", "R", 31.5, 31.5, 0, 0],
		[6, "D2_2", -1181.1, -29.53, "T", "SMD", "$1N1560", "", "R", 31.5, 31.5, 0, 0],
		[7, "D3_1", 29.53, 1181.1, "T", "SMD", "VCOM", "", "R", 31.5, 31.5, 0, 270],
		[8, "D3_2", -29.53, 1181.1, "T", "SMD", "$1N1533", "", "R", 31.5, 31.5, 0, 270],
		[9, "D4_1", 944.88, -29.53, "T", "SMD", "VCOM", "", "R", 31.5, 31.5, 0, 180],
		[10, "D4_2", 944.88, 29.53, "T", "SMD", "$1N1510", "", "R", 31.5, 31.5, 0, 180],
		[11, "D5_1", -29.53, -944.88, "T", "SMD", "VCOM", "", "R", 31.5, 31.5, 0, 90],
		[12, "D5_2", 29.53, -944.88, "T", "SMD", "$1N1492", "", "R", 31.5, 31.5, 0, 90],
		[13, "D6_1", -944.88, 29.53, "T", "SMD", "VCOM", "", "R", 31.5, 31.5, 0, 0],
		[14, "D6_2", -944.88, -29.53, "T", "SMD", "$1N1560", "", "R", 31.5, 31.5, 0, 0],
		[15, "D7_1", 29.53, 944.88, "T", "SMD", "VCOM", "", "R", 31.5, 31.5, 0, 270],
		[16, "D7_2", -29.53, 944.88, "T", "SMD", "$1N1533", "", "R", 31.5, 31.5, 0, 270],
		[17, "D8_1", 1181.1, -29.53, "T", "SMD", "VCOM", "", "R", 31.5, 31.5, 0, 180],
		[18, "D8_2", 1181.1, 29.53, "T", "SMD", "$1N1510", "", "R", 31.5, 31.5, 0, 180],
		[19, "D9_1", -29.53, -1181.1, "T", "SMD", "VCOM", "", "R", 31.5, 31.5, 0, 90],
		[20, "D9_2", 29.53, -1181.1, "T", "SMD", "$1N1492", "", "R", 31.5, 31.5, 0, 90],
		[21, "P1_1", 354.33, 370.08, "T", "SMD", "P1_1", "", "R", 39.37, 62.99, 0, 180],
		[22, "P1_1", 354.33, 433.07, "T", "SMD", "P1_A_1", "", "C", 41.34, 41.34, 0, 180],
		[23, "P1_1", 354.33, 433.07, "T", "DIP", "P1_B_1", "", "R", 41.34, 41.34, 31.5, 180],
		[24, "P1_1", 354.33, 433.07, "B", "DIP", "P1_B_1", "", "R", 41.34, 41.34, 31.5, 180],
		[25, "P1_2", 275.59, 496.06, "T", "SMD", "P1_2", "", "R", 39.37, 62.99, 0, 180],
		[26, "P1_2", 275.59, 433.07, "T", "SMD", "P1_A_2", "", "C", 41.34, 41.34, 0, 180],
		[27, "P1_2", 275.59, 433.07, "T", "DIP", "P1_B_2", "", "C", 41.34, 41.34, 31.5, 180],
		[28, "P1_2", 275.59, 433.07, "B", "DIP", "P1_B_2", "", "C", 41.34, 41.34, 31.5, 180],
		[29, "P1_3", 196.85, 370.08, "T", "SMD", "P1_3", "", "R", 39.37, 62.99, 0, 180],
		[30, "P1_3", 196.85, 433.07, "T", "SMD", "P1_A_3", "", "C", 41.34, 41.34, 0, 180],
		[31, "P1_3", 196.85, 433.07, "T", "DIP", "P1_B_3", "", "C", 41.34, 41.34, 31.5, 180],
		[32, "P1_3", 196.85, 433.07, "B", "DIP", "P1_B_3", "", "C", 41.34, 41.34, 31.5, 180],
		[33, "P1_4", 118.11, 433.07, "T", "SMD", "P1_4", "", "C", 41.34, 41.34, 0, 180],
		[34, "P1_4", 118.11, 496.06, "T", "SMD", "P1_A_4", "", "R", 39.37, 62.99, 0, 180],
		[35, "P1_4", 118.11, 433.07, "T", "DIP", "P1_B_4", "", "C", 41.34, 41.34, 31.5, 180],
		[36, "P1_4", 118.11, 433.07, "B", "DIP", "P1_B_4", "", "C", 41.34, 41.34, 31.5, 180],
		[37, "P1_5", 39.37, 433.07, "T", "SMD", "P1_5", "", "C", 41.34, 41.34, 0, 180],
		[38, "P1_5", 39.37, 370.08, "T", "SMD", "P1_A_5", "", "R", 39.37, 62.99, 0, 180],
		[39, "P1_5", 39.37, 433.07, "T", "DIP", "P1_B_5", "", "C", 41.34, 41.34, 31.5, 180],
		[40, "P1_5", 39.37, 433.07, "B", "DIP", "P1_B_5", "", "C", 41.34, 41.34, 31.5, 180],
		[41, "P1_6", -39.37, 496.06, "T", "SMD", "P1_6", "", "R", 39.37, 62.99, 0, 180],
		[42, "P1_6", -39.37, 433.07, "T", "SMD", "P1_A_6", "", "C", 41.34, 41.34, 0, 180],
		[43, "P1_6", -39.37, 433.07, "T", "DIP", "P1_B_6", "", "C", 41.34, 41.34, 31.5, 180],
		[44, "P1_6", -39.37, 433.07, "B", "DIP", "P1_B_6", "", "C", 41.34, 41.34, 31.5, 180],
		[45, "P1_7", -118.11, 370.08, "T", "SMD", "P1_7", "", "R", 39.37, 62.99, 0, 180],
		[46, "P1_7", -118.11, 433.07, "T", "SMD", "P1_A_7", "", "C", 41.34, 41.34, 0, 180],
		[47, "P1_7", -118.11, 433.07, "T", "DIP", "P1_B_7", "", "C", 41.34, 41.34, 31.5, 180],
		[48, "P1_7", -118.11, 433.07, "B", "DIP", "P1_B_7", "", "C", 41.34, 41.34, 31.5, 180],
		[49, "P1_8", -196.85, 496.06, "T", "SMD", "P1_8", "", "R", 39.37, 62.99, 0, 180],
		[50, "P1_8", -196.85, 433.07, "T", "SMD", "P1_A_8", "", "C", 41.34, 41.34, 0, 180],
		[51, "P1_8", -196.85, 433.07, "T", "DIP", "P1_B_8", "", "C", 41.34, 41.34, 31.5, 180],
		[52, "P1_8", -196.85, 433.07, "B", "DIP", "P1_B_8", "", "C", 41.34, 41.34, 31.5, 180],
		[53, "P1_9", -275.59, 370.08, "T", "SMD", "P1_9", "", "R", 39.37, 62.99, 0, 180],
		[54, "P1_9", -275.59, 433.07, "T", "SMD", "P1_A_9", "", "C", 41.34, 41.34, 0, 180],
		[55, "P1_9", -275.59, 433.07, "T", "DIP", "P1_B_9", "", "C", 41.34, 41.34, 31.5, 180],
		[56, "P1_9", -275.59, 433.07, "B", "DIP", "P1_B_9", "", "C", 41.34, 41.34, 31.5, 180],
		[57, "P1_10", -354.33, 496.06, "T", "SMD", "GND", "GND", "R", 39.37, 62.99, 0, 180],
		[58, "P1_10", -354.33, 433.07, "T", "SMD", "GND", "GND", "C", 41.34, 41.34, 0, 180],
		[59, "P1_10", -354.33, 433.07, "T", "DIP", "GND", "GND", "C", 41.34, 41.34, 31.5, 180],
		[60, "P1_10", -354.33, 433.07, "B", "DIP", "GND", "GND", "C", 41.34, 41.34, 31.5, 180],
		[61, "P2_1", 354.33, -496.06, "T", "SMD", "P2_1", "", "R", 39.37, 62.99, 0, 180],
		[62, "P2_1", 354.33, -433.07, "T", "SMD", "P2_A_1", "", "C", 41.34, 41.34, 0, 180],
		[63, "P2_1", 354.33, -433.07, "T", "DIP", "P2_B_1", "", "R", 41.34, 41.34, 31.5, 180],
		[64, "P2_1", 354.33, -433.07, "B", "DIP", "P2_B_1", "", "R", 41.34, 41.34, 31.5, 180],
		[65, "P2_2", 275.59, -370.08, "T", "SMD", "P2_2", "", "R", 39.37, 62.99, 0, 180],
		[66, "P2_2", 275.59, -433.07, "T", "SMD", "P2_A_2", "", "C", 41.34, 41.34, 0, 180],
		[67, "P2_2", 275.59, -433.07, "T", "DIP", "P2_B_2", "", "C", 41.34, 41.34, 31.5, 180],
		[68, "P2_2", 275.59, -433.07, "B", "DIP", "P2_B_2", "", "C", 41.34, 41.34, 31.5, 180],
		[69, "P2_3", 196.85, -496.06, "T", "SMD", "P2_3", "", "R", 39.37, 62.99, 0, 180],
		[70, "P2_3", 196.85, -433.07, "T", "SMD", "P2_A_3", "", "C", 41.34, 41.34, 0, 180],
		[71, "P2_3", 196.85, -433.07, "T", "DIP", "P2_B_3", "", "C", 41.34, 41.34, 31.5, 180],
		[72, "P2_3", 196.85, -433.07, "B", "DIP", "P2_B_3", "", "C", 41.34, 41.34, 31.5, 180],
		[73, "P2_4", 118.11, -433.07, "T", "SMD", "P2_4", "", "C", 41.34, 41.34, 0, 180],
		[74, "P2_4", 118.11, -370.08, "T", "SMD", "P2_A_4", "", "R", 39.37, 62.99, 0, 180],
		[75, "P2_4", 118.11, -433.07, "T", "DIP", "P2_B_4", "", "C", 41.34, 41.34, 31.5, 180],
		[76, "P2_4", 118.11, -433.07, "B", "DIP", "P2_B_4", "", "C", 41.34, 41.34, 31.5, 180],
		[77, "P2_5", 39.37, -433.07, "T", "SMD", "P2_5", "", "C", 41.34, 41.34, 0, 180],
		[78, "P2_5", 39.37, -496.06, "T", "SMD", "P2_A_5", "", "R", 39.37, 62.99, 0, 180],
		[79, "P2_5", 39.37, -433.07, "T", "DIP", "P2_B_5", "", "C", 41.34, 41.34, 31.5, 180],
		[80, "P2_5", 39.37, -433.07, "B", "DIP", "P2_B_5", "", "C", 41.34, 41.34, 31.5, 180],
		[81, "P2_6", -39.37, -370.08, "T", "SMD", "P2_6", "", "R", 39.37, 62.99, 0, 180],
		[82, "P2_6", -39.37, -433.07, "T", "SMD", "P2_A_6", "", "C", 41.34, 41.34, 0, 180],
		[83, "P2_6", -39.37, -433.07, "T", "DIP", "P2_B_6", "", "C", 41.34, 41.34, 31.5, 180],
		[84, "P2_6", -39.37, -433.07, "B", "DIP", "P2_B_6", "", "C", 41.34, 41.34, 31.5, 180],
		[85, "P2_7", -118.11, -496.06, "T", "SMD", "P2_7", "", "R", 39.37, 62.99, 0, 180],
		[86, "P2_7", -118.11, -433.07, "T", "SMD", "P2_A_7", "", "C", 41.34, 41.34, 0, 180],
		[87, "P2_7", -118.11, -433.07, "T", "DIP", "P2_B_7", "", "C", 41.34, 41.34, 31.5, 180],
		[88, "P2_7", -118.11, -433.07, "B", "DIP", "P2_B_7", "", "C", 41.34, 41.34, 31.5, 180],
		[89, "P2_8", -196.85, -370.08, "T", "SMD", "P2_8", "", "R", 39.37, 62.99, 0, 180],
		[90, "P2_8", -196.85, -433.07, "T", "SMD", "P2_A_8", "", "C", 41.34, 41.34, 0, 180],
		[91, "P2_8", -196.85, -433.07, "T", "DIP", "P2_B_8", "", "C", 41.34, 41.34, 31.5, 180],
		[92, "P2_8", -196.85, -433.07, "B", "DIP", "P2_B_8", "", "C", 41.34, 41.34, 31.5, 180],
		[93, "P2_9", -275.59, -496.06, "T", "SMD", "VCOM", "", "R", 39.37, 62.99, 0, 180],
		[94, "P2_9", -275.59, -433.07, "T", "SMD", "VCOM", "", "C", 41.34, 41.34, 0, 180],
		[95, "P2_9", -275.59, -433.07, "T", "DIP", "VCOM", "", "C", 41.34, 41.34, 31.5, 180],
		[96, "P2_9", -275.59, -433.07, "B", "DIP", "VCOM", "", "C", 41.34, 41.34, 31.5, 180],
		[97, "P2_10", -354.33, -370.08, "T", "SMD", "P2_10", "", "R", 39.37, 62.99, 0, 180],
		[98, "P2_10", -354.33, -433.07, "T", "SMD", "P2_A_10", "", "C", 41.34, 41.34, 0, 180],
		[99, "P2_10", -354.33, -433.07, "T", "DIP", "P2_B_10", "", "C", 41.34, 41.34, 31.5, 180],
		[100, "P2_10", -354.33, -433.07, "B", "DIP", "P2_B_10", "", "C", 41.34, 41.34, 31.5, 180],
		[101, "R1_1", 354.33, 45.59, "T", "SMD", "$1N1437", "", "R", 37.4, 33.46, 0, 0],
		[102, "R1_2", 354.33, -5.59, "T", "SMD", "GND", "GND", "R", 37.4, 33.46, 0, 0],
		[103, "R2_1", -511.81, 45.59, "T", "SMD", "$1N1467", "", "R", 37.4, 33.46, 0, 0],
		[104, "R2_2", -511.81, -5.59, "T", "SMD", "GND", "GND", "R", 37.4, 33.46, 0, 0],
		[105, "R3_1", 40.59, 590.55, "T", "SMD", "$1N1524", "", "R", 37.4, 33.46, 0, 270],
		[106, "R3_2", -10.59, 590.55, "T", "SMD", "GND", "GND", "R", 37.4, 33.46, 0, 270],
		[107, "R4_1", 511.81, -45.59, "T", "SMD", "$1N1453", "", "R", 37.4, 33.46, 0, 180],
		[108, "R4_2", 511.81, 5.59, "T", "SMD", "GND", "GND", "R", 37.4, 33.46, 0, 180],
		[109, "R5_1", -45.59, -590.55, "T", "SMD", "$1N1488", "", "R", 37.4, 33.46, 0, 90],
		[110, "R5_2", 5.59, -590.55, "T", "SMD", "GND", "GND", "R", 37.4, 33.46, 0, 90],
		[111, "U1_1", 148.98, 42.4, "T", "SMD", "VCOM", "", "R", 31.5, 21.65, 0, 0],
		[112, "U1_2", 148.98, 5, "T", "SMD", "$1N1460", "", "R", 31.5, 21.65, 0, 0],
		[113, "U1_3", 148.98, -32.4, "T", "SMD", "$1N1460", "", "R", 31.5, 21.65, 0, 0],
		[114, "U1_4", 243.46, -32.4, "T", "SMD", "GND", "GND", "R", 31.5, 21.65, 0, 0],
		[115, "U1_5", 243.46, 5, "T", "SMD", "$1N1460", "", "R", 31.5, 21.65, 0, 0],
		[116, "U1_6", 243.46, 42.4, "T", "SMD", "$1N1437", "", "R", 31.5, 21.65, 0, 0],
		[117, "U2_1", -677.17, 42.4, "T", "SMD", "VCOM", "", "R", 31.5, 21.65, 0, 0],
		[118, "U2_2", -677.17, 5, "T", "SMD", "$1N1560", "", "R", 31.5, 21.65, 0, 0],
		[119, "U2_3", -677.17, -32.4, "T", "SMD", "$1N1560", "", "R", 31.5, 21.65, 0, 0],
		[120, "U2_4", -582.68, -32.4, "T", "SMD", "GND", "GND", "R", 31.5, 21.65, 0, 0],
		[121, "U2_5", -582.68, 5, "T", "SMD", "$1N1560", "", "R", 31.5, 21.65, 0, 0],
		[122, "U2_6", -582.68, 42.4, "T", "SMD", "$1N1467", "", "R", 31.5, 21.65, 0, 0],
		[123, "U3_1", 42.4, 755.91, "T", "SMD", "VCOM", "", "R", 31.5, 21.65, 0, 270],
		[124, "U3_2", 5, 755.91, "T", "SMD", "$1N1533", "", "R", 31.5, 21.65, 0, 270],
		[125, "U3_3", -32.4, 755.91, "T", "SMD", "$1N1533", "", "R", 31.5, 21.65, 0, 270],
		[126, "U3_4", -32.4, 661.42, "T", "SMD", "GND", "GND", "R", 31.5, 21.65, 0, 270],
		[127, "U3_5", 5, 661.42, "T", "SMD", "$1N1533", "", "R", 31.5, 21.65, 0, 270],
		[128, "U3_6", 42.4, 661.42, "T", "SMD", "$1N1524", "", "R", 31.5, 21.65, 0, 270],
		[129, "U4_1", 677.17, -42.4, "T", "SMD", "VCOM", "", "R", 31.5, 21.65, 0, 180],
		[130, "U4_2", 677.17, -5, "T", "SMD", "$1N1510", "", "R", 31.5, 21.65, 0, 180],
		[131, "U4_3", 677.17, 32.4, "T", "SMD", "$1N1510", "", "R", 31.5, 21.65, 0, 180],
		[132, "U4_4", 582.68, 32.4, "T", "SMD", "GND", "GND", "R", 31.5, 21.65, 0, 180],
		[133, "U4_5", 582.68, -5, "T", "SMD", "$1N1510", "", "R", 31.5, 21.65, 0, 180],
		[134, "U4_6", 582.68, -42.4, "T", "SMD", "$1N1453", "", "R", 31.5, 21.65, 0, 180],
		[135, "U5_1", -42.4, -755.91, "T", "SMD", "VCOM", "", "R", 31.5, 21.65, 0, 90],
		[136, "U5_2", -5, -755.91, "T", "SMD", "$1N1492", "", "R", 31.5, 21.65, 0, 90],
		[137, "U5_3", 32.4, -755.91, "T", "SMD", "$1N1492", "", "R", 31.5, 21.65, 0, 90],
		[138, "U5_4", 32.4, -661.42, "T", "SMD", "GND", "GND", "R", 31.5, 21.65, 0, 90],
		[139, "U5_5", -5, -661.42, "T", "SMD", "$1N1492", "", "R", 31.5, 21.65, 0, 90],
		[140, "U5_6", -42.4, -661.42, "T", "SMD", "$1N1488", "", "R", 31.5, 21.65, 0, 90]
	]
}
}