{
"lengthUnit": "mil",
"components": {
	"fields": ["COMPONENT_NO", "COMPONENT_NAME", "LAYER", "X_COORDINATE", "Y_COORDINATE", "ANGLE"],
	"rows": [
		[1, "D0", "T", 354.33, 0, 270],
		[2, "D1", "T", 118.11, 0, 270],
		[3, "D2", "T", 1181.1, 0, 270],
		[4, "D3", "T", 866.14, 0, 270],
		[5, "D4", "T", 0, 1200.79, 0],
		[6, "D5", "T", 0, 964.57, 0],
		[7, "D6", "T", -1181.1, 0, 90],
		[8, "D7", "T", -866.14, 0, 90],
		[9, "D8", "T", 0, -1200.79, 180],
		[10, "D9", "T", 0, -964.57, 180],
		[11, "P1", "T", 0, 433.07, 180],
		[12, "P2", "T", 0, -433.07, 180],
		[13, "R0", "T", -354.33, -12.6, 90],
		[14, "R1", "T", 472.44, -12.6, 90],
		[15, "R2", "T", 12.6, 590.55, 180],
		[16, "R3", "T", -472.44, 12.6, 270],
		[17, "R4", "T", -12.6, -590.55, 0],
		[18, "U0", "T", -177.17, -5, 0],
		[19, "U1", "T", 629.92, -5, 0],
		[20, "U2", "T", 5, 748.03, 90],
		[21, "U3", "T", -629.92, 5, 180],
		[22, "U4", "T", -5, -748.03, 270]
	]
},
"pins": {
	"fields": ["PIN_NO", "PIN_NAME", "PIN_X", "PIN_Y", "LAYER", "PIN_TYPE", "NET_NAME", "NET_TYPE", "PAD_SHAPE", "PAD_SIZEX", "PAD_SIZEY", "HOLE_SIZE", "PAD_ANGLE"],
	"rows": [
		[1, "D0_1", 354.33, 31.48, "T", "SMD", "$1N11538", "", "R", 31.5, 31.5, 0, 0],
		[2, "D0_2", 354.34, -31.48, "T", "SMD", "VCOM", "", "R", 31.5, 31.5, 0, 0],
		[3, "D1_1", 118.11, 31.48, "T", "SMD", "$1N11538", "", "R", 31.5, 31.5, 0, 0],
		[4, "D1_2", 118.12, -31.48, "T", "SMD", "VCOM", "", "R", 31.5, 31.5, 0, 0],
		[5, "D2_1", 1181.1, 31.48, "T", "SMD", "$1N12537", "", "R", 31.5, 31.5, 0, 0],
		[6, "D2_2", 1181.11, -31.48, "T", "SMD", "VCOM", "", "R", 31.5, 31.5, 0, 0],
		[7, "D3_1", 866.14, 31.48, "T", "SMD", "$1N12537", "", "R", 31.5, 31.5, 0, 0],
		[8, "D3_2", 866.15, -31.48, "T", "SMD", "VCOM", "", "R", 31.5, 31.5, 0, 0],
		[9, "D4_1", -31.48, 1200.78, "T", "SMD", "$1N12735", "", "R", 31.5, 31.5, 0, 90],
		[10, "D4_2", 31.48, 1200.79, "T", "SMD", "VCOM", "", "R", 31.5, 31.5, 0, 90],
		[11, "D5_1", -31.48, 964.56, "T", "SMD", "$1N12735", "", "R", 31.5, 31.5, 0, 90],
		[12, "D5_2", 31.48, 964.57, "T", "SMD", "VCOM", "", "R", 31.5, 31.5, 0, 90],
		[13, "D6_1", -1181.1, -31.48, "T", "SMD", "$1N12933", "", "R", 31.5, 31.5, 0, 180],
		[14, "D6_2", -1181.11, 31.48, "T", "SMD", "VCOM", "", "R", 31.5, 31.5, 0, 180],
		[15, "D7_1", -866.14, -31.48, "T", "SMD", "$1N12933", "", "R", 31.5, 31.5, 0, 180],
		[16, "D7_2", -866.15, 31.48, "T", "SMD", "VCOM", "", "R", 31.5, 31.5, 0, 180],
		[17, "D8_1", 31.48, -1200.78, "T", "SMD", "$1N13131", "", "R", 31.5, 31.5, 0, 270],
		[18, "D8_2", -31.48, -1200.79, "T", "SMD", "VCOM", "", "R", 31.5, 31.5, 0, 270],
		[19, "D9_1", 31.48, -964.56, "T", "SMD", "$1N13131", "", "R", 31.5, 31.5, 0, 270],
		[20, "D9_2", -31.48, -964.57, "T", "SMD", "VCOM", "", "R", 31.5, 31.5, 0, 270],
		[21, "P1_1", 354.33, 433.07, "T", "DIP", "P1_1", "", "R", 41.34, 41.34, 31.5, 180],
		[22, "P1_1", 354.33, 433.07, "B", "DIP", "P1_1", "", "R", 41.34, 41.34, 31.5, 180],
		[23, "P1_1", 354.33, 370.08, "T", "SMD", "P1_A_1", "", "R", 39.37, 62.99, 0, 180],
		[24, "P1_1", 354.33, 433.07, "T", "SMD", "P1_B_1", "", "C", 41.34, 41.34, 0, 180],
		[25, "P1_2", 275.59, 433.07, "T", "DIP", "P1_2", "", "C", 41.34, 41.34, 31.5, 180],
		[26, "P1_2", 275.59, 433.07, "B", "DIP", "P1_2", "", "C", 41.34, 41.34, 31.5, 180],
		[27, "P1_2", 275.59, 496.06, "T", "SMD", "P1_A_2", "", "R", 39.37, 62.99, 0, 180],
		[28, "P1_2", 275.59, 433.07, "T", "SMD", "P1_B_2", "", "C", 41.34, 41.34, 0, 180],
		[29, "P1_3", 196.85, 433.07, "T", "DIP", "P1_3", "", "C", 41.34, 41.34, 31.5, 180],
		[30, "P1_3", 196.85, 433.07, "B", "DIP", "P1_3", "", "C", 41.34, 41.34, 31.5, 180],
		[31, "P1_3", 196.85, 370.08, "T", "SMD", "P1_A_3", "", "R", 39.37, 62.99, 0, 180],
		[32, "P1_3", 196.85, 433.07, "T", "SMD", "P1_B_3", "", "C", 41.34, 41.34, 0, 180],
		[33, "P1_4", 118.11, 433.07, "T", "DIP", "P1_4", "", "C", 41.34, 41.34, 31.5, 180],
		[34, "P1_4", 118.11, 433.07, "B", "DIP", "P1_4", "", "C", 41.34, 41.34, 31.5, 180],
		[35, "P1_4", 118.11, 496.06, "T", "SMD", "P1_A_4", "", "R", 39.37, 62.99, 0, 180],
		[36, "P1_4", 118.11, 433.07, "T", "SMD", "P1_B_4", "", "C", 41.34, 41.34, 0, 180],
		[37, "P1_5", 39.37, 433.07, "T", "DIP", "P1_5", "", "C", 41.34, 41.34, 31.5, 180],
		[38, "P1_5", 39.37, 433.07, "B", "DIP", "P1_5", "", "C", 41.34, 41.34, 31.5, 180],
		[39, "P1_5", 39.37, 370.08, "T", "SMD", "P1_A_5", "", "R", 39.37, 62.99, 0, 180],
		[40, "P1_5", 39.37, 433.07, "T", "SMD", "P1_B_5", "", "C", 41.34, 41.34, 0, 180],
		[41, "P1_6", -39.37, 433.07, "T", "DIP", "P1_6", "", "C", 41.34, 41.34, 31.5, 180],
		[42, "P1_6", -39.37, 433.07, "B", "DIP", "P1_6", "", "C", 41.34, 41.34, 31.5, 180],
		[43, "P1_6", -39.37, 496.06, "T", "SMD", "P1_A_6", "", "R", 39.37, 62.99, 0, 180],
		[44, "P1_6", -39.37, 433.07, "T", "SMD", "P1_B_6", "", "C", 41.34, 41.34, 0, 180],
		[45, "P1_7", -118.11, 433.07, "T", "DIP", "P1_7", "", "C", 41.34, 41.34, 31.5, 180],
		[46, "P1_7", -118.11, 433.07, "B", "DIP", "P1_7", "", "C", 41.34, 41.34, 31.5, 180],
		[47, "P1_7", -118.11, 370.08, "T", "SMD", "P1_A_7", "", "R", 39.37, 62.99, 0, 180],
		[48, "P1_7", -118.11, 433.07, "T", "SMD", "P1_B_7", "", "C", 41.34, 41.34, 0, 180],
		[49, "P1_8", -196.85, 433.07, "T", "DIP", "P1_8", "", "C", 41.34, 41.34, 31.5, 180],
		[50, "P1_8", -196.85, 433.07, "B", "DIP", "P1_8", "", "C", 41.34, 41.34, 31.5, 180],
		[51, "P1_8", -196.85, 496.06, "T", "SMD", "P1_A_8", "", "R", 39.37, 62.99, 0, 180],
		[52, "P1_8", -196.85, 433.07, "T", "SMD", "P1_B_8", "", "C", 41.34, 41.34, 0, 180],
		[53, "P1_9", -275.59, 433.07, "T", "DIP", "P1_9", "", "C", 41.34, 41.34, 31.5, 180],
		[54, "P1_9", -275.59, 433.07, "B", "DIP", "P1_9", "", "C", 41.34, 41.34, 31.5, 180],
		[55, "P1_9", -275.59, 370.08, "T", "SMD", "P1_A_9", "", "R", 39.37, 62.99, 0, 180],
		[56, "P1_9", -275.59, 433.07, "T", "SMD", "P1_B_9", "", "C", 41.34, 41.34, 0, 180],
		[57, "P1_10", -354.33, 433.07, "T", "DIP", "GND", "GND", "C", 41.34, 41.34, 31.5, 180],
		[58, "P1_10", -354.33, 433.07, "B", "DIP", "GND", "GND", "C", 41.34, 41.34, 31.5, 180],
		[59, "P1_10", -354.33, 496.06, "T", "SMD", "GND", "GND", "R", 39.37, 62.99, 0, 180],
		[60, "P1_10", -354.33, 433.07, "T", "SMD", "GND", "GND", "C", 41.34, 41.34, 0, 180],
		[61, "P2_1", 354.33, -433.07, "T", "DIP", "P2_1", "", "R", 41.34, 41.34, 31.5, 180],
		[62, "P2_1", 354.33, -433.07, "B", "DIP", "P2_1", "", "R", 41.34, 41.34, 31.5, 180],
		[63, "P2_1", 354.33, -496.06, "T", "SMD", "P2_A_1", "", "R", 39.37, 62.99, 0, 180],
		[64, "P2_1", 354.33, -433.07, "T", "SMD", "P2_B_1", "", "C", 41.34, 41.34, 0, 180],
		[65, "P2_2", 275.59, -433.07, "T", "DIP", "P2_2", "", "C", 41.34, 41.34, 31.5, 180],
		[66, "P2_2", 275.59, -433.07, "B", "DIP", "P2_2", "", "C", 41.34, 41.34, 31.5, 180],
		[67, "P2_2", 275.59, -370.08, "T", "SMD", "P2_A_2", "", "R", 39.37, 62.99, 0, 180],
		[68, "P2_2", 275.59, -433.07, "T", "SMD", "P2_B_2", "", "C", 41.34, 41.34, 0, 180],
		[69, "P2_3", 196.85, -433.07, "T", "DIP", "P2_3", "", "C", 41.34, 41.34, 31.5, 180],
		[70, "P2_3", 196.85, -433.07, "B", "DIP", "P2_3", "", "C", 41.34, 41.34, 31.5, 180],
		[71, "P2_3", 196.85, -496.06, "T", "SMD", "P2_A_3", "", "R", 39.37, 62.99, 0, 180],
		[72, "P2_3", 196.85, -433.07, "T", "SMD", "P2_B_3", "", "C", 41.34, 41.34, 0, 180],
		[73, "P2_4", 118.11, -433.07, "T", "DIP", "P2_4", "", "C", 41.34, 41.34, 31.5, 180],
		[74, "P2_4", 118.11, -433.07, "B", "DIP", "P2_4", "", "C", 41.34, 41.34, 31.5, 180],
		[75, "P2_4", 118.11, -370.08, "T", "SMD", "P2_A_4", "", "R", 39.37, 62.99, 0, 180],
		[76, "P2_4", 118.11, -433.07, "T", "SMD", "P2_B_4", "", "C", 41.34, 41.34, 0, 180],
		[77, "P2_5", 39.37, -433.07, "T", "DIP", "P2_5", "", "C", 41.34, 41.34, 31.5, 180],
		[78, "P2_5", 39.37, -433.07, "B", "DIP", "P2_5", "", "C", 41.34, 41.34, 31.5, 180],
		[79, "P2_5", 39.37, -496.06, "T", "SMD", "P2_A_5", "", "R", 39.37, 62.99, 0, 180],
		[80, "P2_5", 39.37, -433.07, "T", "SMD", "P2_B_5", "", "C", 41.34, 41.34, 0, 180],
		[81, "P2_6", -39.37, -433.07, "T", "DIP", "P2_6", "", "C", 41.34, 41.34, 31.5, 180],
		[82, "P2_6", -39.37, -433.07, "B", "DIP", "P2_6", "", "C", 41.34, 41.34, 31.5, 180],
		[83, "P2_6", -39.37, -370.08, "T", "SMD", "P2_A_6", "", "R", 39.37, 62.99, 0, 180],
		[84, "P2_6", -39.37, -433.07, "T", "SMD", "P2_B_6", "", "C", 41.34, 41.34, 0, 180],
		[85, "P2_7", -118.11, -433.07, "T", "DIP", "P2_7", "", "C", 41.34, 41.34, 31.5, 180],
		[86, "P2_7", -118.11, -433.07, "B", "DIP", "P2_7", "", "C", 41.34, 41.34, 31.5, 180],
		[87, "P2_7", -118.11, -496.06, "T", "SMD", "P2_A_7", "", "R", 39.37, 62.99, 0, 180],
		[88, "P2_7", -118.11, -433.07, "T", "SMD", "P2_B_7", "", "C", 41.34, 41.34, 0, 180],
		[89, "P2_8", -196.85, -433.07, "T", "DIP", "P2_8", "", "C", 41.34, 41.34, 31.5, 180],
		[90, "P2_8", -196.85, -433.07, "B", "DIP", "P2_8", "", "C", 41.34, 41.34, 31.5, 180],
		[91, "P2_8", -196.85, -370.08, "T", "SMD", "P2_A_8", "", "R", 39.37, 62.99, 0, 180],
		[92, "P2_8", -196.85, -433.07, "T", "SMD", "P2_B_8", "", "C", 41.34, 41.34, 0, 180],
		[93, "P2_9", -275.59, -433.07, "T", "DIP", "VCOM", "", "C", 41.34, 41.34, 31.5, 180],
		[94, "P2_9", -275.59, -433.07, "B", "DIP", "VCOM", "", "C", 41.34, 41.34, 31.5, 180],
		[95, "P2_9", -275.59, -496.06, "T", "SMD", "VCOM", "", "R", 39.37, 62.99, 0, 180],
		[96, "P2_9", -275.59, -433.07, "T", "SMD", "VCOM", "", "C", 41.34, 41.34, 0, 180],
		[97, "P2_10", -354.33, -433.07, "T", "DIP", "P2_10", "", "C", 41.34, 41.34, 31.5, 180],
		[98, "P2_10", -354.33, -433.07, "B", "DIP", "P2_10", "", "C", 41.34, 41.34, 31.5, 180],
		[99, "P2_10", -354.33, -370.08, "T", "SMD", "P2_A_10", "", "R", 39.37, 62.99, 0, 180],
		[100, "P2_10", -354.33, -433.07, "T", "SMD", "P2_B_10", "", "C", 41.34, 41.34, 0, 180],
		[101, "R0_1", -354.33, -42.26, "T", "SMD", "$1N11387", "", "R", 31.75, 34.02, 0, 90],
		[102, "R0_2", -354.33, 17.06, "T", "SMD", "GND", "GND", "R", 31.75, 34.02, 0, 90],
		[103, "R1_1", 472.44, -42.26, "T", "SMD", "$1N12546", "", "R", 31.75, 34.02, 0, 90],
		[104, "R1_2", 472.44, 17.06, "T", "SMD", "GND", "GND", "R", 31.75, 34.02, 0, 90],
		[105, "R2_1", 42.26, 590.55, "T", "SMD", "$1N12744", "", "R", 31.75, 34.02, 0, 180],
		[106, "R2_2", -17.06, 590.55, "T", "SMD", "GND", "GND", "R", 31.75, 34.02, 0, 180],
		[107, "R3_1", -472.44, 42.26, "T", "SMD", "$1N12942", "", "R", 31.75, 34.02, 0, 270],
		[108, "R3_2", -472.44, -17.06, "T", "SMD", "GND", "GND", "R", 31.75, 34.02, 0, 270],
		[109, "R4_1", -42.26, -590.55, "T", "SMD", "$1N13140", "", "R", 31.75, 34.02, 0, 0],
		[110, "R4_2", 17.06, -590.55, "T", "SMD", "GND", "GND", "R", 31.75, 34.02, 0, 0],
		[111, "U0_1", -124.02, -42.4, "T", "SMD", "VCOM", "", "R", 43.31, 23.62, 0, 0],
		[112, "U0_2", -124.02, -5, "T", "SMD", "$1N11538", "", "R", 43.31, 23.62, 0, 0],
		[113, "U0_3", -124.02, 32.4, "T", "SMD", "$1N11538", "", "R", 43.31, 23.62, 0, 0],
		[114, "U0_4", -230.32, 32.4, "T", "SMD", "GND", "GND", "R", 43.31, 23.62, 0, 0],
		[115, "U0_5", -230.32, -5, "T", "SMD", "U0_5", "", "R", 43.31, 23.62, 0, 0],
		[116, "U0_6", -230.32, -42.4, "T", "SMD", "$1N11387", "", "R", 43.31, 23.62, 0, 0],
		[117, "U1_1", 683.07, -42.4, "T", "SMD", "VCOM", "", "R", 43.31, 23.62, 0, 0],
		[118, "U1_2", 683.07, -5, "T", "SMD", "$1N12537", "", "R", 43.31, 23.62, 0, 0],
		[119, "U1_3", 683.07, 32.4, "T", "SMD", "$1N12537", "", "R", 43.31, 23.62, 0, 0],
		[120, "U1_4", 576.77, 32.4, "T", "SMD", "GND", "GND", "R", 43.31, 23.62, 0, 0],
		[121, "U1_5", 576.77, -5, "T", "SMD", "U1_5", "", "R", 43.31, 23.62, 0, 0],
		[122, "U1_6", 576.77, -42.4, "T", "SMD", "$1N12546", "", "R", 43.31, 23.62, 0, 0],
		[123, "U2_1", 42.4, 801.18, "T", "SMD", "VCOM", "", "R", 43.31, 23.62, 0, 90],
		[124, "U2_2", 5, 801.18, "T", "SMD", "$1N12735", "", "R", 43.31, 23.62, 0, 90],
		[125, "U2_3", -32.4, 801.18, "T", "SMD", "$1N12735", "", "R", 43.31, 23.62, 0, 90],
		[126, "U2_4", -32.4, 694.88, "T", "SMD", "GND", "GND", "R", 43.31, 23.62, 0, 90],
		[127, "U2_5", 5, 694.88, "T", "SMD", "U2_5", "", "R", 43.31, 23.62, 0, 90],
		[128, "U2_6", 42.4, 694.88, "T", "SMD", "$1N12744", "", "R", 43.31, 23.62, 0, 90],
		[129, "U3_1", -683.07, 42.4, "T", "SMD", "VCOM", "", "R", 43.31, 23.62, 0, 180],
		[130, "U3_2", -683.07, 5, "T", "SMD", "$1N12933", "", "R", 43.31, 23.62, 0, 180],
		[131, "U3_3", -683.07, -32.4, "T", "SMD", "$1N12933", "", "R", 43.31, 23.62, 0, 180],
		[132, "U3_4", -576.77, -32.4, "T", "SMD", "GND", "GND", "R", 43.31, 23.62, 0, 180],
		[133, "U3_5", -576.77, 5, "T", "SMD", "U3_5", "", "R", 43.31, 23.62, 0, 180],
		[134, "U3_6", -576.77, 42.4, "T", "SMD", "$1N12942", "", "R", 43.31, 23.62, 0, 180],
		[135, "U4_1", -42.4, -801.18, "T", "SMD", "VCOM", "", "R", 43.31, 23.62, 0, 270],
		[136, "U4_2", -5, -801.18, "T", "SMD", "$1N13131", "", "R", 43.31, 23.62, 0, 270],
		[137, "U4_3", 32.4, -801.18, "T", "SMD", "$1N13131", "", "R", 43.31, 23.62, 0, 270],
		[138, "U4_4", 32.4, -694.88, "T", "SMD", "GND", "GND", "R", 43.31, 23.62, 0, 270],
		[139, "U4_5", -5, -694.88, "T", "SMD", "U4_5", "", "R", 43.31, 23.62, 0, 270],
		[140, "U4_6", -42.4, -694.88, "T", "SMD", "$1N13140", "", "R", 43.31, 23.62, 0, 270]
	]
}
}