{
"lengthUnit": "mil",
"components": {
	"fields": ["COMPONENT_NO", "COMPONENT_NAME", "LAYER", "X_COORDINATE", "Y_COORDINATE", "ANGLE"],
	"rows": [
		[1, "P1", "T", 0, 433.07, 180],
		[2, "P2", "T", 0, -433.07, 180]
	]
},
"pins": {
	"fields": ["PIN_NO", "PIN_NAME", "PIN_X", "PIN_Y", "LAYER", "PIN_TYPE", "NET_NAME", "NET_TYPE", "PAD_SHAPE", "PAD_SIZEX", "PAD_SIZEY", "HOLE_SIZE", "PAD_ANGLE"],
	"rows": [
		[1, "P1_1", 354.33, 370.08, "T", "SMD", "P1_1", "", "R", 39.37, 62.99, 0, 180],
		[2, "P1_1", 354.33, 433.07, "T", "SMD", "P1_A_1", "", "C", 41.34, 41.34, 0, 180],
		[3, "P1_1", 354.33, 433.07, "T", "DIP", "P1_B_1", "", "R", 41.34, 41.34, 31.5, 180],
		[4, "P1_1", 354.33, 433.07, "B", "DIP", "P1_B_1", "", "R", 41.34, 41.34, 31.5, 180],
		[5, "P1_2", 275.59, 496.06, "T", "SMD", "P1_2", "", "R", 39.37, 62.99, 0, 180],
		[6, "P1_2", 275.59, 433.07, "T", "SMD", "P1_A_2", "", "C", 41.34, 41.34, 0, 180],
		[7, "P1_2", 275.59, 433.07, "T", "DIP", "P1_B_2", "", "C", 41.34, 41.34, 31.5, 180],
		[8, "P1_2", 275.59, 433.07, "B", "DIP", "P1_B_2", "", "C", 41.34, 41.34, 31.5, 180],
		[9, "P1_3", 196.85, 370.08, "T", "SMD", "P1_3", "", "R", 39.37, 62.99, 0, 180],
		[10, "P1_3", 196.85, 433.07, "T", "SMD", "P1_A_3", "", "C", 41.34, 41.34, 0, 180],
		[11, "P1_3", 196.85, 433.07, "T", "DIP", "P1_B_3", "", "C", 41.34, 41.34, 31.5, 180],
		[12, "P1_3", 196.85, 433.07, "B", "DIP", "P1_B_3", "", "C", 41.34, 41.34, 31.5, 180],
		[13, "P1_4", 118.11, 433.07, "T", "SMD", "P1_4", "", "C", 41.34, 41.34, 0, 180],
		[14, "P1_4", 118.11, 496.06, "T", "SMD", "P1_A_4", "", "R", 39.37, 62.99, 0, 180],
		[15, "P1_4", 118.11, 433.07, "T", "DIP", "P1_B_4", "", "C", 41.34, 41.34, 31.5, 180],
		[16, "P1_4", 118.11, 433.07, "B", "DIP", "P1_B_4", "", "C", 41.34, 41.34, 31.5, 180],
		[17, "P1_5", 39.37, 433.07, "T", "SMD", "P1_5", "", "C", 41.34, 41.34, 0, 180],
		[18, "P1_5", 39.37, 370.08, "T", "SMD", "P1_A_5", "", "R", 39.37, 62.99, 0, 180],
		[19, "P1_5", 39.37, 433.07, "T", "DIP", "P1_B_5", "", "C", 41.34, 41.34, 31.5, 180],
		[20, "P1_5", 39.37, 433.07, "B", "DIP", "P1_B_5", "", "C", 41.34, 41.34, 31.5, 180],
		[21, "P1_6", -39.37, 496.06, "T", "SMD", "P1_6", "", "R", 39.37, 62.99, 0, 180],
		[22, "P1_6", -39.37, 433.07, "T", "SMD", "P1_A_6", "", "C", 41.34, 41.34, 0, 180],
		[23, "P1_6", -39.37, 433.07, "T", "DIP", "P1_B_6", "", "C", 41.34, 41.34, 31.5, 180],
		[24, "P1_6", -39.37, 433.07, "B", "DIP", "P1_B_6", "", "C", 41.34, 41.34, 31.5, 180],
		[25, "P1_7", -118.11, 370.08, "T", "SMD", "P1_7", "", "R", 39.37, 62.99, 0, 180],
		[26, "P1_7", -118.11, 433.07, "T", "SMD", "P1_A_7", "", "C", 41.34, 41.34, 0, 180],
		[27, "P1_7", -118.11, 433.07, "T", "DIP", "P1_B_7", "", "C", 41.34, 41.34, 31.5, 180],
		[28, "P1_7", -118.11, 433.07, "B", "DIP", "P1_B_7", "", "C", 41.34, 41.34, 31.5, 180],
		[29, "P1_8", -196.85, 496.06, "T", "SMD", "P1_8", "", "R", 39.37, 62.99, 0, 180],
		[30, "P1_8", -196.85, 433.07, "T", "SMD", "P1_A_8", "", "C", 41.34, 41.34, 0, 180],
		[31, "P1_8", -196.85, 433.07, "T", "DIP", "P1_B_8", "", "C", 41.34, 41.34, 31.5, 180],
		[32, "P1_8", -196.85, 433.07, "B", "DIP", "P1_B_8", "", "C", 41.34, 41.34, 31.5, 180],
		[33, "P1_9", -275.59, 370.08, "T", "SMD", "P1_9", "", "R", 39.37, 62.99, 0, 180],
		[34, "P1_9", -275.59, 433.07, "T", "SMD", "P1_A_9", "", "C", 41.34, 41.34, 0, 180],
		[35, "P1_9", -275.59, 433.07, "T", "DIP", "P1_B_9", "", "C", 41.34, 41.34, 31.5, 180],
		[36, "P1_9", -275.59, 433.07, "B", "DIP", "P1_B_9", "", "C", 41.34, 41.34, 31.5, 180],
		[37, "P1_10", -354.33, 496.06, "T", "SMD", "P1_10", "", "R", 39.37, 62.99, 0, 180],
		[38, "P1_10", -354.33, 433.07, "T", "SMD", "P1_A_10", "", "C", 41.34, 41.34, 0, 180],
		[39, "P1_10", -354.33, 433.07, "T", "DIP", "P1_B_10", "", "C", 41.34, 41.34, 31.5, 180],
		[40, "P1_10", -354.33, 433.07, "B", "DIP", "P1_B_10", "", "C", 41.34, 41.34, 31.5, 180],
		[41, "P2_1", 354.33, -496.06, "T", "SMD", "P2_1", "", "R", 39.37, 62.99, 0, 180],
		[42, "P2_1", 354.33, -433.07, "T", "SMD", "P2_A_1", "", "C", 41.34, 41.34, 0, 180],
		[43, "P2_1", 354.33, -433.07, "T", "DIP", "P2_B_1", "", "R", 41.34, 41.34, 31.5, 180],
		[44, "P2_1", 354.33, -433.07, "B", "DIP", "P2_B_1", "", "R", 41.34, 41.34, 31.5, 180],
		[45, "P2_2", 275.59, -370.08, "T", "SMD", "P2_2", "", "R", 39.37, 62.99, 0, 180],
		[46, "P2_2", 275.59, -433.07, "T", "SMD", "P2_A_2", "", "C", 41.34, 41.34, 0, 180],
		[47, "P2_2", 275.59, -433.07, "T", "DIP", "P2_B_2", "", "C", 41.34, 41.34, 31.5, 180],
		[48, "P2_2", 275.59, -433.07, "B", "DIP", "P2_B_2", "", "C", 41.34, 41.34, 31.5, 180],
		[49, "P2_3", 196.85, -496.06, "T", "SMD", "P2_3", "", "R", 39.37, 62.99, 0, 180],
		[50, "P2_3", 196.85, -433.07, "T", "SMD", "P2_A_3", "", "C", 41.34, 41.34, 0, 180],
		[51, "P2_3", 196.85, -433.07, "T", "DIP", "P2_B_3", "", "C", 41.34, 41.34, 31.5, 180],
		[52, "P2_3", 196.85, -433.07, "B", "DIP", "P2_B_3", "", "C", 41.34, 41.34, 31.5, 180],
		[53, "P2_4", 118.11, -433.07, "T", "SMD", "P2_4", "", "C", 41.34, 41.34, 0, 180],
		[54, "P2_4", 118.11, -370.08, "T", "SMD", "P2_A_4", "", "R", 39.37, 62.99, 0, 180],
		[55, "P2_4", 118.11, -433.07, "T", "DIP", "P2_B_4", "", "C", 41.34, 41.34, 31.5, 180],
		[56, "P2_4", 118.11, -433.07, "B", "DIP", "P2_B_4", "", "C", 41.34, 41.34, 31.5, 180],
		[57, "P2_5", 39.37, -433.07, "T", "SMD", "P2_5", "", "C", 41.34, 41.34, 0, 180],
		[58, "P2_5", 39.37, -496.06, "T", "SMD", "P2_A_5", "", "R", 39.37, 62.99, 0, 180],
		[59, "P2_5", 39.37, -433.07, "T", "DIP", "P2_B_5", "", "C", 41.34, 41.34, 31.5, 180],
		[60, "P2_5", 39.37, -433.07, "B", "DIP", "P2_B_5", "", "C", 41.34, 41.34, 31.5, 180],
		[61, "P2_6", -39.37, -370.08, "T", "SMD", "P2_6", "", "R", 39.37, 62.99, 0, 180],
		[62, "P2_6", -39.37, -433.07, "T", "SMD", "P2_A_6", "", "C", 41.34, 41.34, 0, 180],
		[63, "P2_6", -39.37, -433.07, "T", "DIP", "P2_B_6", "", "C", 41.34, 41.34, 31.5, 180],
		[64, "P2_6", -39.37, -433.07, "B", "DIP", "P2_B_6", "", "C", 41.34, 41.34, 31.5, 180],
		[65, "P2_7", -118.11, -496.06, "T", "SMD", "P2_7", "", "R", 39.37, 62.99, 0, 180],
		[66, "P2_7", -118.11, -433.07, "T", "SMD", "P2_A_7", "", "C", 41.34, 41.34, 0, 180],
		[67, "P2_7", -118.11, -433.07, "T", "DIP", "P2_B_7", "", "C", 41.34, 41.34, 31.5, 180],
		[68, "P2_7", -118.11, -433.07, "B", "DIP", "P2_B_7", "", "C", 41.34, 41.34, 31.5, 180],
		[69, "P2_8", -196.85, -370.08, "T", "SMD", "P2_8", "", "R", 39.37, 62.99, 0, 180],
		[70, "P2_8", -196.85, -433.07, "T", "SMD", "P2_A_8", "", "C", 41.34, 41.34, 0, 180],
		[71, "P2_8", -196.85, -433.07, "T", "DIP", "P2_B_8", "", "C", 41.34, 41.34, 31.5, 180],
		[72, "P2_8", -196.85, -433.07, "B", "DIP", "P2_B_8", "", "C", 41.34, 41.34, 31.5, 180],
		[73, "P2_9", -275.59, -496.06, "T", "SMD", "P2_9", "", "R", 39.37, 62.99, 0, 180],
		[74, "P2_9", -275.59, -433.07, "T", "SMD", "P2_A_9", "", "C", 41.34, 41.34, 0, 180],
		[75, "P2_9", -275.59, -433.07, "T", "DIP", "P2_B_9", "", "C", 41.34, 41.34, 31.5, 180],
		[76, "P2_9", -275.59, -433.07, "B", "DIP", "P2_B_9", "", "C", 41.34, 41.34, 31.5, 180],
		[77, "P2_10", -354.33, -370.08, "T", "SMD", "P2_10", "", "R", 39.37, 62.99, 0, 180],
		[78, "P2_10", -354.33, -433.07, "T", "SMD", "P2_A_10", "", "C", 41.34, 41.34, 0, 180],
		[79, "P2_10", -354.33, -433.07, "T", "DIP", "P2_B_10", "", "C", 41.34, 41.34, 31.5, 180],
		[80, "P2_10", -354.33, -433.07, "B", "DIP", "P2_B_10", "", "C", 41.34, 41.34, 31.5, 180]
	]
}
}