{
"lengthUnit": "mil",
"components": {
	"fields": ["COMPONENT_NO", "COMPONENT_NAME", "LAYER", "X_COORDINATE", "Y_COORDINATE", "ANGLE"],
	"rows": [
		[1, "P1", "T", 5472.47, -3385.86, 180],
		[2, "P2", "T", 5472.47, -4252, 180]
	]
},
"pins": {
	"fields": ["PIN_NO", "PIN_NAME", "PIN_X", "PIN_Y", "LAYER", "PIN_TYPE", "NET_NAME", "NET_TYPE", "PAD_SHAPE", "PAD_SIZEX", "PAD_SIZEY", "HOLE_SIZE", "PAD_ANGLE"],
	"rows": [
		[1, "P1_1", 5826.8, -3385.86, "T", "DIP", "NET-(P1-PAD1)", "", "R", 41.34, 41.34, 31.5, 180],
		[2, "P1_1", 5826.8, -3385.86, "B", "DIP", "NET-(P1-PAD1)", "", "R", 41.34, 41.34, 31.5, 180],
		[3, "P1_1", 5826.8, -3448.85, "T", "SMD", "NET-(P1-PAD1)", "", "R", 39.37, 62.99, 0, 180],
		[4, "P1_1", 5826.8, -3385.86, "T", "SMD", "NET-(P1-PAD1)", "", "C", 41.34, 41.34, 0, 180],
		[5, "P1_2", 5748.06, -3385.86, "T", "DIP", "NET-(P1-PAD2)", "", "C", 41.34, 41.34, 31.5, 180],
		[6, "P1_2", 5748.06, -3385.86, "B", "DIP", "NET-(P1-PAD2)", "", "C", 41.34, 41.34, 31.5, 180],
		[7, "P1_2", 5748.06, -3322.86, "T", "SMD", "NET-(P1-PAD2)", "", "R", 39.37, 62.99, 0, 180],
		[8, "P1_2", 5748.06, -3385.86, "T", "SMD", "NET-(P1-PAD2)", "", "C", 41.34, 41.34, 0, 180],
		[9, "P1_3", 5669.32, -3385.86, "T", "DIP", "NET-(P1-PAD3)", "", "C", 41.34, 41.34, 31.5, 180],
		[10, "P1_3", 5669.32, -3385.86, "B", "DIP", "NET-(P1-PAD3)", "", "C", 41.34, 41.34, 31.5, 180],
		[11, "P1_3", 5669.32, -3448.85, "T", "SMD", "NET-(P1-PAD3)", "", "R", 39.37, 62.99, 0, 180],
		[12, "P1_3", 5669.32, -3385.86, "T", "SMD", "NET-(P1-PAD3)", "", "C", 41.34, 41.34, 0, 180],
		[13, "P1_4", 5590.58, -3385.86, "T", "DIP", "NET-(P1-PAD4)", "", "C", 41.34, 41.34, 31.5, 180],
		[14, "P1_4", 5590.58, -3385.86, "B", "DIP", "NET-(P1-PAD4)", "", "C", 41.34, 41.34, 31.5, 180],
		[15, "P1_4", 5590.58, -3322.86, "T", "SMD", "NET-(P1-PAD4)", "", "R", 39.37, 62.99, 0, 180],
		[16, "P1_4", 5590.58, -3385.86, "T", "SMD", "NET-(P1-PAD4)", "", "C", 41.34, 41.34, 0, 180],
		[17, "P1_5", 5511.84, -3385.86, "T", "DIP", "NET-(P1-PAD5)", "", "C", 41.34, 41.34, 31.5, 180],
		[18, "P1_5", 5511.84, -3385.86, "B", "DIP", "NET-(P1-PAD5)", "", "C", 41.34, 41.34, 31.5, 180],
		[19, "P1_5", 5511.84, -3448.85, "T", "SMD", "NET-(P1-PAD5)", "", "R", 39.37, 62.99, 0, 180],
		[20, "P1_5", 5511.84, -3385.86, "T", "SMD", "NET-(P1-PAD5)", "", "C", 41.34, 41.34, 0, 180],
		[21, "P1_6", 5433.1, -3385.86, "T", "DIP", "NET-(P1-PAD6)", "", "C", 41.34, 41.34, 31.5, 180],
		[22, "P1_6", 5433.1, -3385.86, "B", "DIP", "NET-(P1-PAD6)", "", "C", 41.34, 41.34, 31.5, 180],
		[23, "P1_6", 5433.1, -3322.86, "T", "SMD", "NET-(P1-PAD6)", "", "R", 39.37, 62.99, 0, 180],
		[24, "P1_6", 5433.1, -3385.86, "T", "SMD", "NET-(P1-PAD6)", "", "C", 41.34, 41.34, 0, 180],
		[25, "P1_7", 5354.36, -3385.86, "T", "DIP", "NET-(P1-PAD7)", "", "C", 41.34, 41.34, 31.5, 180],
		[26, "P1_7", 5354.36, -3385.86, "B", "DIP", "NET-(P1-PAD7)", "", "C", 41.34, 41.34, 31.5, 180],
		[27, "P1_7", 5354.36, -3448.85, "T", "SMD", "NET-(P1-PAD7)", "", "R", 39.37, 62.99, 0, 180],
		[28, "P1_7", 5354.36, -3385.86, "T", "SMD", "NET-(P1-PAD7)", "", "C", 41.34, 41.34, 0, 180],
		[29, "P1_8", 5275.62, -3385.86, "T", "DIP", "NET-(P1-PAD8)", "", "C", 41.34, 41.34, 31.5, 180],
		[30, "P1_8", 5275.62, -3385.86, "B", "DIP", "NET-(P1-PAD8)", "", "C", 41.34, 41.34, 31.5, 180],
		[31, "P1_8", 5275.62, -3322.86, "T", "SMD", "NET-(P1-PAD8)", "", "R", 39.37, 62.99, 0, 180],
		[32, "P1_8", 5275.62, -3385.86, "T", "SMD", "NET-(P1-PAD8)", "", "C", 41.34, 41.34, 0, 180],
		[33, "P1_9", 5196.88, -3385.86, "T", "DIP", "NET-(P1-PAD9)", "", "C", 41.34, 41.34, 31.5, 180],
		[34, "P1_9", 5196.88, -3385.86, "B", "DIP", "NET-(P1-PAD9)", "", "C", 41.34, 41.34, 31.5, 180],
		[35, "P1_9", 5196.88, -3448.85, "T", "SMD", "NET-(P1-PAD9)", "", "R", 39.37, 62.99, 0, 180],
		[36, "P1_9", 5196.88, -3385.86, "T", "SMD", "NET-(P1-PAD9)", "", "C", 41.34, 41.34, 0, 180],
		[37, "P1_10", 5118.14, -3385.86, "T", "DIP", "NET-(P1-PAD10)", "", "C", 41.34, 41.34, 31.5, 180],
		[38, "P1_10", 5118.14, -3385.86, "B", "DIP", "NET-(P1-PAD10)", "", "C", 41.34, 41.34, 31.5, 180],
		[39, "P1_10", 5118.14, -3322.86, "T", "SMD", "NET-(P1-PAD10)", "", "R", 39.37, 62.99, 0, 180],
		[40, "P1_10", 5118.14, -3385.86, "T", "SMD", "NET-(P1-PAD10)", "", "C", 41.34, 41.34, 0, 180],
		[41, "P2_1", 5826.8, -4252, "T", "DIP", "NET-(P2-PAD1)", "", "R", 41.34, 41.34, 31.5, 180],
		[42, "P2_1", 5826.8, -4252, "B", "DIP", "NET-(P2-PAD1)", "", "R", 41.34, 41.34, 31.5, 180],
		[43, "P2_1", 5826.8, -4314.99, "T", "SMD", "NET-(P2-PAD1)", "", "R", 39.37, 62.99, 0, 180],
		[44, "P2_1", 5826.8, -4252, "T", "SMD", "NET-(P2-PAD1)", "", "C", 41.34, 41.34, 0, 180],
		[45, "P2_2", 5748.06, -4252, "T", "DIP", "NET-(P2-PAD2)", "", "C", 41.34, 41.34, 31.5, 180],
		[46, "P2_2", 5748.06, -4252, "B", "DIP", "NET-(P2-PAD2)", "", "C", 41.34, 41.34, 31.5, 180],
		[47, "P2_2", 5748.06, -4189, "T", "SMD", "NET-(P2-PAD2)", "", "R", 39.37, 62.99, 0, 180],
		[48, "P2_2", 5748.06, -4252, "T", "SMD", "NET-(P2-PAD2)", "", "C", 41.34, 41.34, 0, 180],
		[49, "P2_3", 5669.32, -4252, "T", "DIP", "NET-(P2-PAD3)", "", "C", 41.34, 41.34, 31.5, 180],
		[50, "P2_3", 5669.32, -4252, "B", "DIP", "NET-(P2-PAD3)", "", "C", 41.34, 41.34, 31.5, 180],
		[51, "P2_3", 5669.32, -4314.99, "T", "SMD", "NET-(P2-PAD3)", "", "R", 39.37, 62.99, 0, 180],
		[52, "P2_3", 5669.32, -4252, "T", "SMD", "NET-(P2-PAD3)", "", "C", 41.34, 41.34, 0, 180],
		[53, "P2_4", 5590.58, -4252, "T", "DIP", "NET-(P2-PAD4)", "", "C", 41.34, 41.34, 31.5, 180],
		[54, "P2_4", 5590.58, -4252, "B", "DIP", "NET-(P2-PAD4)", "", "C", 41.34, 41.34, 31.5, 180],
		[55, "P2_4", 5590.58, -4189, "T", "SMD", "NET-(P2-PAD4)", "", "R", 39.37, 62.99, 0, 180],
		[56, "P2_4", 5590.58, -4252, "T", "SMD", "NET-(P2-PAD4)", "", "C", 41.34, 41.34, 0, 180],
		[57, "P2_5", 5511.84, -4252, "T", "DIP", "NET-(P2-PAD5)", "", "C", 41.34, 41.34, 31.5, 180],
		[58, "P2_5", 5511.84, -4252, "B", "DIP", "NET-(P2-PAD5)", "", "C", 41.34, 41.34, 31.5, 180],
		[59, "P2_5", 5511.84, -4314.99, "T", "SMD", "NET-(P2-PAD5)", "", "R", 39.37, 62.99, 0, 180],
		[60, "P2_5", 5511.84, -4252, "T", "SMD", "NET-(P2-PAD5)", "", "C", 41.34, 41.34, 0, 180],
		[61, "P2_6", 5433.1, -4252, "T", "DIP", "NET-(P2-PAD6)", "", "C", 41.34, 41.34, 31.5, 180],
		[62, "P2_6", 5433.1, -4252, "B", "DIP", "NET-(P2-PAD6)", "", "C", 41.34, 41.34, 31.5, 180],
		[63, "P2_6", 5433.1, -4189, "T", "SMD", "NET-(P2-PAD6)", "", "R", 39.37, 62.99, 0, 180],
		[64, "P2_6", 5433.1, -4252, "T", "SMD", "NET-(P2-PAD6)", "", "C", 41.34, 41.34, 0, 180],
		[65, "P2_7", 5354.36, -4252, "T", "DIP", "NET-(P2-PAD7)", "", "C", 41.34, 41.34, 31.5, 180],
		[66, "P2_7", 5354.36, -4252, "B", "DIP", "NET-(P2-PAD7)", "", "C", 41.34, 41.34, 31.5, 180],
		[67, "P2_7", 5354.36, -4314.99, "T", "SMD", "NET-(P2-PAD7)", "", "R", 39.37, 62.99, 0, 180],
		[68, "P2_7", 5354.36, -4252, "T", "SMD", "NET-(P2-PAD7)", "", "C", 41.34, 41.34, 0, 180],
		[69, "P2_8", 5275.62, -4252, "T", "DIP", "NET-(P2-PAD8)", "", "C", 41.34, 41.34, 31.5, 180],
		[70, "P2_8", 5275.62, -4252, "B", "DIP", "NET-(P2-PAD8)", "", "C", 41.34, 41.34, 31.5, 180],
		[71, "P2_8", 5275.62, -4189, "T", "SMD", "NET-(P2-PAD8)", "", "R", 39.37, 62.99, 0, 180],
		[72, "P2_8", 5275.62, -4252, "T", "SMD", "NET-(P2-PAD8)", "", "C", 41.34, 41.34, 0, 180],
		[73, "P2_9", 5196.88, -4252, "T", "DIP", "NET-(P2-PAD9)", "", "C", 41.34, 41.34, 31.5, 180],
		[74, "P2_9", 5196.88, -4252, "B", "DIP", "NET-(P2-PAD9)", "", "C", 41.34, 41.34, 31.5, 180],
		[75, "P2_9", 5196.88, -4314.99, "T", "SMD", "NET-(P2-PAD9)", "", "R", 39.37, 62.99, 0, 180],
		[76, "P2_9", 5196.88, -4252, "T", "SMD", "NET-(P2-PAD9)", "", "C", 41.34, 41.34, 0, 180],
		[77, "P2_10", 5118.14, -4252, "T", "DIP", "NET-(P2-PAD10)", "", "C", 41.34, 41.34, 31.5, 180],
		[78, "P2_10", 5118.14, -4252, "B", "DIP", "NET-(P2-PAD10)", "", "C", 41.34, 41.34, 31.5, 180],
		[79, "P2_10", 5118.14, -4189, "T", "SMD", "NET-(P2-PAD10)", "", "R", 39.37, 62.99, 0, 180],
		[80, "P2_10", 5118.14, -4252, "T", "SMD", "NET-(P2-PAD10)", "", "C", 41.34, 41.34, 0, 180]
	]
}
}